id,sentiment
3862_4,1
674_10,1
8828_10,1
2963_8,1
2483_1,1
9159_1,1
1073_2,1
6684_1,1
5923_7,1
6352_2,1
9919_9,1
9407_4,1
5561_3,1
2093_3,1
6668_2,1
5215_2,1
8561_3,1
6488_10,1
1945_8,1
6712_2,1
7986_4,1
1269_2,1
8146_10,1
8560_1,1
7747_1,1
8420_9,1
2475_3,1
5466_8,1
2386_8,1
8059_10,1
793_2,1
6326_10,1
6742_4,1
4391_8,1
10517_8,1
10009_1,1
2860_9,1
359_8,1
2469_10,1
8962_9,1
4297_1,1
2341_8,1
820_10,1
8721_1,1
1806_4,1
5209_8,1
8388_1,1
1213_10,1
5278_7,1
3625_2,1
1937_10,1
4095_8,1
6804_1,1
9596_1,1
8178_8,1
10774_8,1
154_8,1
5309_1,1
8411_7,1
9909_7,1
1005_3,1
4712_7,1
7088_1,1
2992_7,1
3971_8,1
9476_4,1
2344_9,1
9283_8,1
3849_4,1
11415_8,1
8647_1,1
6777_4,1
504_8,1
5661_2,1
12209_7,1
583_8,1
6467_7,1
5882_1,1
10002_1,1
9750_10,1
7790_9,1
2222_10,1
9326_2,1
5224_10,1
10617_8,1
11021_1,1
4297_9,1
10383_2,1
7224_8,1
9743_1,1
5823_10,1
244_4,1
10251_10,1
3113_1,1
5605_7,1
6955_1,1
12262_3,1
9977_4,1
8143_10,1
11996_1,1
3636_8,1
2761_1,1
11312_9,1
6479_10,1
7837_4,1
8338_3,1
1045_8,1
6539_1,1
3955_1,1
11891_9,1
7387_7,1
12253_9,1
10852_10,1
8845_3,1
9964_10,1
352_10,1
959_4,1
10975_3,1
966_2,1
7924_9,1
9400_8,1
7732_4,1
4722_1,1
11726_9,1
377_1,1
4627_7,1
883_9,1
10166_2,1
11728_2,1
10159_7,1
147_4,1
2175_1,1
1958_4,1
2901_1,1
10859_4,1
12188_4,1
4504_9,1
11340_4,1
1372_7,1
8609_3,1
1734_2,1
11336_7,1
6497_1,1
4452_4,1
10367_4,1
3724_1,1
4499_9,1
6082_9,1
4392_9,1
12012_2,1
3976_10,1
11157_3,1
2536_1,1
5789_9,1
797_1,1
1010_10,1
6634_2,1
11343_4,1
7284_8,1
5075_7,1
7908_2,1
8319_10,1
7273_8,1
5620_3,1
518_3,1
27_1,1
1657_9,1
8978_10,1
4090_3,1
11498_7,1
276_2,1
5927_4,1
10835_10,1
7222_8,1
7928_4,1
9030_10,1
8621_10,1
2433_8,1
1868_1,1
6751_8,1
10153_9,1
2092_3,1
9103_1,1
2371_3,1
11106_1,1
5198_7,1
8664_1,1
1300_1,1
4088_1,1
4396_10,1
10463_10,1
9496_10,1
11291_10,1
7566_1,1
7561_2,1
1014_9,1
8320_8,1
5301_8,1
10318_7,1
4924_7,1
12162_8,1
11404_10,1
2803_10,1
11863_10,1
11943_1,1
11031_8,1
9897_4,1
6747_8,1
3291_8,1
7145_1,1
3957_10,1
4702_1,1
9869_3,1
9194_9,1
5138_10,1
9314_10,1
1964_7,1
1907_2,1
208_9,1
5853_10,1
7588_8,1
1367_1,1
6787_9,1
10231_1,1
10454_1,1
11945_3,1
5854_1,1
5091_1,1
10792_9,1
10507_10,1
5898_8,1
9651_3,1
11880_10,1
10380_4,1
942_2,1
7579_8,1
8493_1,1
6654_1,1
9291_7,1
12371_1,1
7143_2,1
12465_9,1
3116_2,1
7378_4,1
4677_9,1
11501_8,1
420_7,1
2836_1,1
9234_4,1
11963_10,1
1955_1,1
2439_2,1
168_1,1
11300_4,1
2626_4,1
4395_10,1
3981_10,1
12415_8,1
11810_7,1
4600_10,1
399_2,1
6136_2,1
2267_8,1
7337_10,1
8687_2,1
12339_4,1
9648_8,1
3024_1,1
909_8,1
3590_1,1
4328_3,1
7940_7,1
12083_3,1
9534_10,1
11613_2,1
8344_10,1
10962_3,1
8902_7,1
7389_10,1
8085_7,1
1823_1,1
8468_3,1
11941_8,1
5282_4,1
8359_4,1
8939_1,1
6201_1,1
6712_9,1
191_3,1
1451_2,1
5216_8,1
10923_1,1
12032_8,1
4357_10,1
7754_2,1
5274_3,1
4053_8,1
8448_10,1
2054_9,1
9500_7,1
10693_8,1
11694_7,1
2022_4,1
3410_3,1
758_2,1
1793_4,1
1840_10,1
7570_10,1
8172_1,1
2038_7,1
3246_4,1
1963_4,1
6434_3,1
10696_7,1
12018_3,1
8470_2,1
2317_1,1
7101_2,1
10160_4,1
7010_10,1
8522_2,1
324_1,1
930_7,1
7007_8,1
9431_10,1
7773_1,1
9546_8,1
9818_7,1
9463_10,1
4857_7,1
12050_2,1
5036_9,1
3505_1,1
7256_3,1
1922_9,1
5950_4,1
1594_8,1
7938_7,1
11177_3,1
4769_7,1
8645_8,1
4154_10,1
823_4,1
5139_4,1
3366_1,1
2943_1,1
3411_1,1
4383_9,1
4955_9,1
6285_1,1
3533_10,1
6218_7,1
10546_1,1
2714_10,1
11395_4,1
3563_4,1
5925_3,1
8502_1,1
2133_10,1
5943_10,1
7050_3,1
11941_4,1
512_10,1
2201_3,1
10273_2,1
506_2,1
11685_8,1
915_4,1
1153_10,1
9931_4,1
11703_1,1
3046_4,1
2458_2,1
10231_10,1
4077_1,1
49_4,1
9387_9,1
4115_1,1
7056_4,1
1796_2,1
4462_9,1
5628_7,1
3777_4,1
9208_7,1
4895_10,1
1594_1,1
337_9,1
298_4,1
10650_8,1
5785_10,1
7485_8,1
10454_9,1
1850_10,1
4465_2,1
9354_9,1
5461_3,1
1906_1,1
7448_8,1
3622_8,1
685_8,1
12267_8,1
2165_4,1
7319_10,1
4337_7,1
5111_10,1
6114_7,1
11439_3,1
368_10,1
7368_1,1
6215_7,1
1323_1,1
11455_8,1
1031_2,1
3082_1,1
9675_4,1
5797_3,1
9265_9,1
5736_7,1
3778_10,1
11777_3,1
573_1,1
3646_8,1
11376_2,1
5887_7,1
12265_10,1
7555_7,1
7531_8,1
7623_4,1
6032_2,1
8227_1,1
2006_3,1
6285_7,1
5839_3,1
1369_4,1
9362_1,1
3206_4,1
11965_4,1
411_2,1
1304_7,1
11306_8,1
2707_1,1
8999_4,1
10413_10,1
6338_1,1
3076_1,1
10726_1,1
3641_4,1
5577_8,1
1828_3,1
9758_4,1
8127_8,1
407_4,1
2036_4,1
638_10,1
998_7,1
2675_1,1
11132_10,1
1555_1,1
4910_1,1
1954_10,1
6217_8,1
7342_7,1
7575_10,1
9977_7,1
4918_7,1
4072_1,1
3739_2,1
7113_2,1
3612_1,1
10059_4,1
2354_1,1
2566_1,1
6039_3,1
6544_10,1
6427_3,1
11707_10,1
10928_7,1
11904_1,1
10215_10,1
3613_8,1
10475_1,1
3396_3,1
11479_10,1
9718_4,1
10063_9,1
5510_1,1
9203_1,1
6766_8,1
602_10,1
3270_1,1
8064_10,1
1985_10,1
10654_1,1
3503_7,1
6727_9,1
7417_2,1
10150_9,1
2172_2,1
1976_10,1
1815_2,1
8050_10,1
7311_9,1
6882_9,1
1717_8,1
11424_1,1
834_8,1
1398_7,1
5826_10,1
9492_7,1
7390_2,1
238_10,1
8556_7,1
3469_4,1
9923_7,1
122_9,1
8255_3,1
2221_8,1
12407_1,1
7559_10,1
2850_9,1
1663_9,1
3452_8,1
2969_10,1
4875_3,1
2071_4,1
5411_10,1
11525_1,1
10285_3,1
6909_1,1
10299_4,1
10917_4,1
143_2,1
4440_7,1
5157_7,1
9611_3,1
9649_1,1
9127_7,1
11975_7,1
1478_4,1
6661_7,1
1707_2,1
4583_7,1
2375_2,1
2573_10,1
7922_7,1
7048_10,1
11145_1,1
7240_1,1
4969_3,1
3994_4,1
2156_1,1
3458_1,1
590_3,1
4526_10,1
5725_9,1
2393_2,1
7786_8,1
12023_4,1
5439_10,1
7797_10,1
1060_4,1
3648_4,1
3037_7,1
1582_8,1
10997_1,1
10321_10,1
11322_9,1
7882_1,1
8703_3,1
12439_1,1
1675_4,1
8246_3,1
9479_2,1
5658_4,1
3394_10,1
75_1,1
6056_2,1
5562_2,1
7800_1,1
5279_1,1
7028_2,1
2894_4,1
548_7,1
6795_9,1
3674_1,1
10496_10,1
1823_7,1
2206_2,1
3369_4,1
1438_4,1
5830_2,1
9135_9,1
4667_10,1
8395_3,1
2409_9,1
11775_10,1
1055_10,1
10388_7,1
10520_9,1
7885_1,1
11829_10,1
11446_2,1
2672_4,1
12196_3,1
10736_10,1
9853_1,1
9140_2,1
7795_1,1
6142_9,1
2303_8,1
12036_7,1
1569_2,1
2881_8,1
9666_1,1
1206_10,1
9550_1,1
9464_8,1
9121_3,1
12239_10,1
9129_4,1
4186_7,1
7654_10,1
6624_1,1
3262_8,1
8967_4,1
4987_10,1
7234_8,1
10742_9,1
3889_2,1
9914_4,1
1366_8,1
9364_9,1
10786_3,1
578_3,1
7688_1,1
280_8,1
8632_9,1
11378_8,1
11320_10,1
9963_10,1
10515_9,1
8973_9,1
8024_4,1
11049_8,1
1028_3,1
5304_10,1
9249_9,1
11453_9,1
8739_9,1
5757_8,1
1868_10,1
339_10,1
2622_4,1
5872_9,1
4929_3,1
3888_10,1
5668_3,1
1706_3,1
4669_10,1
6690_1,1
8336_1,1
6789_8,1
11423_1,1
7553_10,1
1863_10,1
9642_4,1
6717_7,1
7364_7,1
8578_2,1
9609_7,1
11740_10,1
8068_9,1
3795_9,1
1311_4,1
6496_1,1
8286_1,1
5948_8,1
1282_9,1
6638_4,1
4536_1,1
10630_1,1
141_3,1
2945_10,1
12494_1,1
11165_8,1
5331_10,1
9814_10,1
429_3,1
9025_9,1
11654_4,1
2111_7,1
12101_4,1
3991_4,1
4442_4,1
6192_1,1
264_2,1
12389_1,1
9243_4,1
6418_1,1
7079_1,1
2612_2,1
2474_10,1
8092_3,1
2274_9,1
8192_1,1
12063_10,1
12142_9,1
2323_3,1
6833_2,1
799_8,1
3332_8,1
78_10,1
8934_10,1
11208_4,1
4898_7,1
2376_4,1
11706_10,1
8933_4,1
8817_8,1
9023_10,1
3783_4,1
4739_7,1
8383_1,1
4863_2,1
7110_8,1
10834_7,1
10738_9,1
4052_1,1
954_4,1
9154_1,1
9155_1,1
11672_10,1
4319_1,1
541_7,1
1994_10,1
3058_9,1
12394_10,1
5010_1,1
495_7,1
6786_1,1
858_1,1
11706_3,1
5669_1,1
11718_1,1
7821_1,1
30_7,1
3598_10,1
3817_8,1
1657_1,1
3113_9,1
5469_7,1
11833_1,1
8437_10,1
9507_10,1
8035_1,1
10845_10,1
9598_4,1
4998_3,1
7786_1,1
6100_2,1
11309_3,1
4879_10,1
2967_1,1
9991_10,1
11016_7,1
10_2,1
1705_10,1
3270_8,1
5732_7,1
3048_1,1
7715_8,1
12483_9,1
5281_10,1
6476_4,1
7268_4,1
2990_2,1
1784_10,1
7781_8,1
12272_7,1
3435_10,1
6922_3,1
12001_8,1
12091_8,1
11260_7,1
10365_8,1
939_2,1
10220_7,1
11578_10,1
334_4,1
4852_1,1
11738_2,1
9279_7,1
2228_1,1
2925_10,1
9207_1,1
10550_4,1
2101_4,1
1055_2,1
12060_3,1
12489_1,1
3894_10,1
7823_7,1
9019_8,1
2946_1,1
3624_10,1
5711_8,1
5692_7,1
11631_1,1
11562_2,1
11160_1,1
10656_4,1
3668_7,1
7320_10,1
3140_1,1
10945_1,1
380_4,1
2937_3,1
3139_1,1
405_3,1
6228_1,1
1702_1,1
1729_8,1
1526_1,1
112_1,1
1909_1,1
7915_8,1
7309_1,1
10042_1,1
11681_9,1
6388_4,1
9549_1,1
11235_8,1
10629_10,1
10605_1,1
2010_3,1
6744_8,1
5152_9,1
11027_10,1
5537_3,1
10922_10,1
6507_10,1
9408_3,1
4466_8,1
2856_1,1
6065_10,1
5568_8,1
2972_7,1
995_3,1
9589_4,1
101_8,1
7052_8,1
12313_10,1
12325_9,1
11081_1,1
5088_8,1
67_10,1
10720_2,1
7016_4,1
5655_1,1
3697_7,1
928_1,1
3902_10,1
947_10,1
9500_2,1
11550_7,1
2314_7,1
4487_1,1
6830_4,1
11134_1,1
6330_10,1
10703_3,1
5542_9,1
11467_10,1
12329_1,1
2839_10,1
5111_1,1
10166_7,1
3134_3,1
10683_7,1
1915_10,1
9145_10,1
2643_10,1
1269_8,1
3301_3,1
9806_1,1
3912_3,1
5545_8,1
8464_1,1
10129_1,1
3157_4,1
2520_10,1
203_7,1
5258_10,1
1542_10,1
658_10,1
3203_10,1
9954_8,1
7000_7,1
3320_2,1
11429_7,1
7139_1,1
682_10,1
681_1,1
5275_4,1
7963_4,1
5363_9,1
5431_3,1
1822_3,1
8950_4,1
11228_4,1
10158_7,1
11114_1,1
6378_8,1
11573_10,1
4644_1,1
6373_10,1
8893_4,1
1123_1,1
1782_7,1
8575_2,1
4166_3,1
2751_10,1
5922_1,1
10192_8,1
1853_8,1
5011_1,1
11187_9,1
4481_8,1
1551_4,1
6525_2,1
1169_8,1
5844_1,1
3272_4,1
8272_7,1
87_4,1
1196_1,1
11537_7,1
1600_7,1
3921_1,1
7397_8,1
8728_4,1
6300_4,1
580_9,1
5834_9,1
3247_3,1
9736_3,1
8835_1,1
4156_1,1
1372_1,1
5644_2,1
5622_2,1
12077_8,1
5298_8,1
677_1,1
9612_4,1
3239_10,1
3485_3,1
9070_7,1
2096_10,1
11115_10,1
1240_1,1
7858_10,1
7478_10,1
8956_8,1
4135_1,1
8005_4,1
5032_10,1
3853_1,1
10655_3,1
2970_10,1
5037_4,1
4014_10,1
11757_9,1
5927_9,1
11661_7,1
8964_1,1
6224_7,1
2786_2,1
9900_4,1
3592_3,1
1479_8,1
9045_9,1
10044_9,1
2806_10,1
2879_1,1
6558_8,1
10418_9,1
616_7,1
6529_7,1
947_2,1
9542_10,1
4613_10,1
10529_10,1
10218_3,1
5788_1,1
10878_1,1
10499_10,1
8037_10,1
11236_8,1
44_8,1
4457_4,1
9782_4,1
8043_1,1
2467_10,1
10017_9,1
959_7,1
4928_7,1
11485_10,1
11221_10,1
1753_9,1
2357_10,1
11486_8,1
844_8,1
269_1,1
103_7,1
11699_10,1
10123_10,1
7610_3,1
766_10,1
8642_8,1
1667_1,1
2022_9,1
11210_1,1
2720_7,1
461_8,1
7969_10,1
3230_8,1
12411_7,1
8463_1,1
6247_10,1
7051_10,1
6074_7,1
5265_1,1
6420_7,1
5548_4,1
1911_3,1
9504_2,1
7338_7,1
2521_10,1
9874_8,1
581_4,1
4078_2,1
575_10,1
10135_7,1
9473_10,1
5946_4,1
9909_3,1
1905_1,1
1049_3,1
2502_8,1
7536_10,1
8096_10,1
6576_8,1
4203_8,1
6433_7,1
1683_7,1
356_10,1
675_9,1
10298_9,1
3631_7,1
11442_1,1
3110_8,1
4841_2,1
3593_3,1
755_10,1
6568_9,1
4431_4,1
195_8,1
7425_9,1
1365_2,1
11056_10,1
3367_1,1
7485_4,1
3941_3,1
11568_4,1
10992_1,1
5523_1,1
6593_1,1
3699_10,1
8832_7,1
4525_8,1
2306_1,1
11957_1,1
581_10,1
736_4,1
5863_1,1
9017_3,1
7940_1,1
10418_1,1
2804_8,1
8823_1,1
11045_9,1
8769_7,1
5567_7,1
12302_7,1
8095_8,1
11272_10,1
10960_8,1
1834_8,1
4582_7,1
961_9,1
3391_7,1
4688_3,1
4224_4,1
4723_1,1
12182_8,1
3_10,1
11345_2,1
11370_1,1
11377_9,1
4171_4,1
3928_3,1
9047_4,1
11512_1,1
3085_1,1
5164_10,1
9127_1,1
707_3,1
12456_10,1
3416_4,1
8148_8,1
5234_10,1
12493_1,1
4951_1,1
10109_10,1
4040_8,1
6470_3,1
6031_3,1
12050_10,1
7123_10,1
5706_2,1
10591_10,1
8985_9,1
10077_10,1
2106_10,1
171_1,1
9205_1,1
11178_7,1
7758_4,1
9415_4,1
7849_9,1
2097_4,1
11304_7,1
5553_4,1
1977_1,1
10579_10,1
10992_10,1
4728_1,1
4180_10,1
7531_4,1
4657_10,1
4142_1,1
4111_10,1
11988_4,1
7310_1,1
9903_9,1
2140_10,1
10673_10,1
10959_10,1
3549_3,1
2330_4,1
5573_2,1
7552_10,1
9319_8,1
12249_8,1
3375_3,1
3785_3,1
11141_10,1
4914_1,1
10843_1,1
10161_2,1
11697_10,1
9666_10,1
1649_1,1
9581_2,1
5153_8,1
1402_4,1
3097_9,1
9655_1,1
4023_3,1
1777_3,1
4751_8,1
12062_4,1
2402_7,1
7583_7,1
5520_9,1
7287_2,1
10916_3,1
11476_10,1
2690_9,1
4563_8,1
8862_3,1
10534_7,1
2407_2,1
7692_2,1
3169_8,1
5816_3,1
12484_8,1
5578_10,1
4457_8,1
3778_3,1
10536_4,1
2541_1,1
1221_4,1
5800_2,1
1255_3,1
1210_8,1
1776_1,1
6936_2,1
759_1,1
5451_8,1
2100_7,1
10401_10,1
10053_4,1
5376_7,1
7744_10,1
6399_7,1
12488_8,1
1401_3,1
10993_1,1
7836_8,1
5439_2,1
1227_8,1
11186_2,1
9238_4,1
9675_8,1
10875_2,1
11425_1,1
7946_4,1
962_2,1
11876_10,1
3316_10,1
9763_4,1
4178_4,1
8055_8,1
4528_8,1
9579_4,1
889_3,1
4796_1,1
229_1,1
1574_9,1
7174_9,1
4975_8,1
2099_10,1
1472_8,1
9550_7,1
5193_9,1
7773_10,1
7511_9,1
2849_7,1
9242_10,1
9341_4,1
2744_3,1
1570_8,1
3129_1,1
9752_1,1
503_2,1
10196_1,1
11247_2,1
12049_10,1
5458_4,1
4313_9,1
6721_3,1
5285_7,1
7377_9,1
3827_10,1
6170_10,1
685_1,1
11531_10,1
1358_4,1
6693_1,1
331_1,1
4272_2,1
11791_8,1
1280_4,1
1819_9,1
2649_7,1
5047_8,1
4192_10,1
3225_10,1
8597_1,1
3862_9,1
10715_8,1
8259_9,1
475_10,1
1237_8,1
2351_10,1
2777_2,1
12490_1,1
8850_4,1
5167_3,1
7509_8,1
12318_1,1
11895_1,1
8796_8,1
9226_8,1
3772_10,1
7719_9,1
539_4,1
9929_7,1
7958_10,1
1295_10,1
6273_9,1
4531_8,1
4624_4,1
2623_1,1
9521_10,1
8052_9,1
4596_2,1
1648_10,1
7_3,1
6140_2,1
6188_9,1
2688_1,1
3685_3,1
5483_2,1
5585_1,1
3518_1,1
11737_8,1
8476_10,1
6316_2,1
10229_3,1
7800_8,1
8972_10,1
10092_8,1
8033_1,1
6666_7,1
7635_1,1
9598_10,1
10951_1,1
7642_1,1
4612_10,1
4990_1,1
1043_3,1
6462_2,1
6835_2,1
8269_1,1
6545_4,1
2418_2,1
3315_10,1
7093_1,1
7160_1,1
3151_2,1
8596_7,1
940_1,1
8102_7,1
8394_1,1
1829_1,1
6756_10,1
2353_10,1
1490_1,1
9401_1,1
1138_10,1
4018_7,1
10335_8,1
9631_4,1
2406_2,1
1032_7,1
5987_8,1
2722_8,1
1787_2,1
4822_9,1
5987_1,1
10877_10,1
2251_8,1
7007_4,1
8025_9,1
6176_9,1
1898_9,1
530_10,1
2577_10,1
11725_4,1
11295_9,1
12180_10,1
6259_8,1
4204_10,1
2607_1,1
8390_8,1
7032_3,1
748_1,1
3321_7,1
9414_3,1
12093_8,1
10133_7,1
6359_4,1
9637_2,1
6850_7,1
1330_1,1
7211_1,1
5746_1,1
12161_3,1
4861_1,1
10635_1,1
3620_1,1
4451_1,1
6702_8,1
8087_8,1
2235_10,1
11347_3,1
7375_7,1
5687_7,1
10797_8,1
10842_7,1
1350_9,1
9123_10,1
5344_7,1
9767_3,1
12436_3,1
9015_8,1
5117_10,1
1414_10,1
6354_1,1
10868_3,1
1093_2,1
12085_8,1
11556_7,1
8526_4,1
1943_10,1
1001_8,1
6732_4,1
2186_1,1
3667_8,1
8267_7,1
7577_4,1
7253_10,1
4877_9,1
9436_2,1
4362_7,1
7294_1,1
12343_2,1
11980_10,1
5239_3,1
612_10,1
7016_7,1
6969_2,1
4845_1,1
12378_1,1
7135_10,1
9212_1,1
388_1,1
9519_3,1
7562_10,1
4475_1,1
11196_7,1
8710_7,1
7928_10,1
10637_10,1
12206_2,1
7875_7,1
4782_9,1
983_7,1
7776_1,1
4673_1,1
11099_10,1
6417_1,1
11080_1,1
4211_8,1
9999_8,1
12030_9,1
8920_10,1
7154_3,1
12266_4,1
5911_9,1
3125_1,1
53_10,1
4210_9,1
3545_7,1
7231_8,1
9240_10,1
7424_10,1
7094_1,1
9306_1,1
11251_2,1
12036_1,1
1039_9,1
7793_10,1
11618_1,1
7511_1,1
2916_9,1
7182_1,1
8191_4,1
2336_10,1
8911_8,1
1540_10,1
4226_3,1
5852_3,1
6358_1,1
4920_4,1
1316_9,1
1087_1,1
2895_9,1
7707_9,1
2161_10,1
3962_4,1
12418_10,1
9226_4,1
657_10,1
1951_1,1
11279_1,1
9103_10,1
915_10,1
5349_7,1
6112_7,1
4947_8,1
6121_10,1
3079_10,1
7426_1,1
84_3,1
5871_4,1
6523_1,1
3984_7,1
6595_2,1
4840_4,1
1124_10,1
1040_10,1
10009_9,1
1900_8,1
5622_10,1
5802_10,1
5232_8,1
8892_10,1
331_10,1
6070_8,1
3728_10,1
12244_1,1
11040_7,1
4957_8,1
1669_8,1
6567_2,1
11296_3,1
9883_8,1
1811_10,1
6117_10,1
6911_10,1
3286_10,1
2457_2,1
370_1,1
4662_4,1
4949_3,1
12236_2,1
6492_10,1
5455_1,1
6682_10,1
4670_9,1
10028_2,1
3177_9,1
7930_7,1
5778_9,1
8106_7,1
2613_2,1
243_3,1
2486_10,1
8070_8,1
9182_10,1
9331_9,1
11760_8,1
11147_9,1
11002_1,1
10433_4,1
920_10,1
2734_9,1
7441_7,1
11482_9,1
8122_3,1
5005_1,1
5632_8,1
2876_10,1
8827_8,1
10778_3,1
8946_1,1
6878_8,1
2207_3,1
747_1,1
6932_4,1
2678_8,1
2664_1,1
6243_1,1
6575_8,1
4174_9,1
10625_7,1
10464_7,1
10244_7,1
10056_8,1
86_4,1
10891_7,1
8333_9,1
6233_9,1
9088_4,1
9212_9,1
4786_10,1
240_1,1
10378_8,1
6610_8,1
12387_10,1
94_1,1
750_1,1
6608_1,1
37_3,1
9371_7,1
9061_7,1
6656_10,1
6445_10,1
3211_7,1
4123_7,1
12288_9,1
3804_10,1
7955_10,1
7230_1,1
10506_1,1
2467_4,1
6874_8,1
264_7,1
11731_10,1
149_10,1
5398_8,1
8780_10,1
6416_4,1
1941_1,1
2674_7,1
10222_9,1
3970_2,1
7492_1,1
2088_8,1
9090_1,1
7210_1,1
4950_3,1
9993_4,1
434_4,1
10282_2,1
992_7,1
1042_1,1
954_10,1
6347_3,1
1491_9,1
5200_10,1
8683_1,1
1577_9,1
6596_1,1
7608_10,1
6790_3,1
4808_8,1
11547_9,1
6597_1,1
12160_4,1
8679_4,1
10311_3,1
11373_8,1
9797_7,1
1661_8,1
1119_10,1
7889_3,1
4873_8,1
4779_1,1
7853_9,1
10402_1,1
12281_2,1
1209_10,1
3898_10,1
6202_1,1
11747_8,1
5520_1,1
5811_9,1
8160_1,1
8241_2,1
998_2,1
2529_2,1
9245_8,1
5818_7,1
939_10,1
4055_3,1
5662_10,1
11663_8,1
460_2,1
8802_3,1
11683_3,1
11386_8,1
10157_10,1
9149_9,1
5242_7,1
571_10,1
1923_10,1
2607_9,1
2064_1,1
10715_4,1
10219_10,1
7876_8,1
3393_9,1
993_2,1
6515_1,1
2410_9,1
7653_1,1
8215_7,1
8335_1,1
10128_1,1
11743_7,1
11958_9,1
3017_7,1
6355_8,1
3010_8,1
6872_2,1
3672_4,1
4016_10,1
11828_3,1
3574_10,1
6140_9,1
648_7,1
6585_10,1
10097_9,1
9293_7,1
8141_10,1
7342_2,1
4738_4,1
1494_8,1
4107_4,1
7249_1,1
10670_3,1
8379_1,1
7479_8,1
11665_3,1
1192_8,1
10583_3,1
12043_2,1
9122_7,1
7255_2,1
3900_10,1
10667_8,1
8067_8,1
8445_10,1
3219_10,1
2582_8,1
3542_1,1
5758_2,1
10641_2,1
6367_7,1
10417_8,1
8851_7,1
7431_10,1
9583_8,1
5242_1,1
603_10,1
8211_7,1
5899_7,1
1743_9,1
6474_3,1
8268_1,1
11763_3,1
3257_1,1
4805_8,1
3217_4,1
5074_10,1
720_4,1
6987_10,1
736_10,1
5590_1,1
3412_1,1
10149_9,1
5709_1,1
11181_10,1
6255_1,1
4495_2,1
10483_8,1
2848_3,1
8537_10,1
4011_3,1
1904_7,1
7990_4,1
2934_3,1
11404_4,1
7393_7,1
10221_3,1
1764_2,1
11730_4,1
10039_10,1
5558_4,1
11288_1,1
11567_2,1
2301_3,1
4396_3,1
9789_1,1
10835_4,1
179_8,1
5004_9,1
4099_8,1
3386_2,1
8782_9,1
2241_7,1
3572_10,1
3413_4,1
7948_7,1
10201_10,1
4944_7,1
2288_9,1
6988_1,1
534_10,1
10590_8,1
10321_2,1
5210_2,1
9622_10,1
4261_9,1
8348_2,1
9817_2,1
663_1,1
6401_1,1
10759_9,1
9659_4,1
10795_7,1
9628_8,1
1920_4,1
7400_9,1
5377_7,1
6720_2,1
1867_9,1
4921_2,1
8380_1,1
3743_1,1
6633_1,1
10228_8,1
10419_1,1
10351_8,1
6851_4,1
10189_4,1
184_2,1
64_1,1
4857_2,1
5252_9,1
3885_1,1
11028_8,1
5180_2,1
9470_1,1
12104_7,1
1968_8,1
3455_10,1
4232_1,1
4990_8,1
2344_3,1
20_1,1
3597_10,1
8876_10,1
7633_3,1
11229_1,1
3529_2,1
9634_4,1
8206_10,1
5464_7,1
4259_1,1
828_10,1
2029_3,1
277_8,1
2430_10,1
7049_7,1
1455_1,1
8135_10,1
5300_8,1
9910_10,1
3861_4,1
8868_1,1
799_2,1
8829_1,1
1890_10,1
1884_8,1
2013_8,1
1417_4,1
6740_8,1
5230_1,1
6134_1,1
6855_4,1
4144_10,1
249_3,1
6430_1,1
362_3,1
7831_1,1
7379_2,1
3475_9,1
1699_10,1
2739_9,1
5220_2,1
1418_9,1
7286_2,1
977_8,1
4330_10,1
11229_10,1
4087_2,1
5454_1,1
2916_1,1
4988_7,1
8094_2,1
4375_9,1
6599_8,1
10964_7,1
11550_4,1
6751_1,1
6291_10,1
8772_8,1
2560_7,1
3980_1,1
4065_10,1
9558_1,1
1885_10,1
3534_10,1
12441_9,1
2627_1,1
5745_3,1
32_10,1
11510_1,1
6472_2,1
5464_2,1
9369_4,1
7496_8,1
8487_1,1
9664_1,1
9325_1,1
7183_1,1
11806_10,1
12041_1,1
5292_7,1
8365_4,1
4358_10,1
12372_7,1
5965_10,1
9000_10,1
11411_8,1
3494_4,1
2564_2,1
2059_4,1
2334_9,1
7559_1,1
9041_1,1
1623_1,1
5712_8,1
10323_1,1
7330_2,1
3736_2,1
5780_10,1
4797_10,1
5838_8,1
12491_2,1
9594_10,1
10721_3,1
11494_4,1
781_9,1
4553_2,1
11750_1,1
2123_10,1
11013_1,1
7307_2,1
2286_10,1
1752_1,1
7771_9,1
3265_2,1
9712_1,1
12499_7,1
5236_10,1
32_3,1
1806_8,1
3498_10,1
8008_1,1
12198_3,1
10375_10,1
717_1,1
10568_1,1
5434_9,1
6911_1,1
2692_8,1
7163_3,1
2611_9,1
327_3,1
2666_10,1
5442_8,1
8883_2,1
4525_1,1
7638_7,1
11623_2,1
7673_7,1
7285_3,1
9383_3,1
4788_10,1
1929_10,1
450_1,1
8034_10,1
6377_9,1
806_10,1
8564_2,1
6578_3,1
10703_7,1
2900_9,1
934_4,1
3377_8,1
7681_9,1
2535_7,1
9704_10,1
5291_4,1
7898_1,1
8279_10,1
7782_7,1
7082_1,1
9506_1,1
88_2,1
12481_1,1
8023_7,1
10900_8,1
375_9,1
3853_9,1
6969_10,1
8126_7,1
4575_1,1
1220_4,1
2297_7,1
6278_2,1
4195_3,1
9299_3,1
1203_8,1
8926_10,1
8297_1,1
10976_1,1
6181_9,1
641_4,1
7141_8,1
1283_10,1
8266_4,1
10969_4,1
11723_1,1
2515_1,1
8956_1,1
12151_1,1
9753_4,1
8304_8,1
146_2,1
9835_9,1
2753_1,1
1219_1,1
7047_10,1
1467_3,1
11529_7,1
3071_9,1
614_10,1
6275_7,1
6205_8,1
7956_10,1
3938_1,1
247_3,1
7529_10,1
12029_4,1
9085_1,1
8027_1,1
8115_1,1
4131_7,1
9404_10,1
12265_1,1
10429_10,1
2799_1,1
4484_1,1
5017_8,1
4407_8,1
268_8,1
5021_1,1
6788_9,1
5505_1,1
578_10,1
6523_10,1
357_2,1
10313_4,1
7838_8,1
630_2,1
10457_8,1
5289_3,1
7413_2,1
325_9,1
10295_1,1
4079_4,1
1887_8,1
3174_9,1
2117_10,1
9809_2,1
5349_4,1
3477_3,1
9451_8,1
7046_2,1
8003_8,1
12350_4,1
8356_4,1
408_2,1
9972_10,1
8402_4,1
6127_8,1
10056_2,1
221_4,1
9789_10,1
6826_2,1
2181_1,1
8461_7,1
1244_8,1
6453_10,1
936_1,1
3949_8,1
10832_10,1
2757_1,1
2516_9,1
8670_3,1
6029_1,1
1573_1,1
10484_8,1
4775_7,1
7809_10,1
4546_2,1
6387_3,1
1125_3,1
8079_3,1
5339_2,1
12006_4,1
4443_3,1
6236_8,1
1943_4,1
2282_4,1
9992_3,1
9453_1,1
11555_2,1
11459_10,1
5301_4,1
4019_3,1
10106_8,1
1517_2,1
9260_1,1
11402_4,1
8028_1,1
1939_8,1
5040_3,1
6266_2,1
10804_10,1
11581_2,1
3802_2,1
9346_1,1
4839_2,1
3479_1,1
4905_1,1
11230_1,1
6683_1,1
2557_10,1
431_8,1
6733_3,1
2965_9,1
9775_8,1
4447_7,1
1802_2,1
5720_10,1
3939_7,1
9593_2,1
4445_7,1
6425_9,1
4110_10,1
3868_1,1
4997_2,1
12203_10,1
10078_8,1
3676_2,1
11016_1,1
10398_3,1
751_9,1
10191_10,1
815_7,1
12133_3,1
2921_2,1
11147_2,1
980_4,1
10593_4,1
4485_4,1
4061_3,1
1239_8,1
56_3,1
1373_10,1
11616_8,1
3154_2,1
5909_3,1
7706_4,1
10739_10,1
3606_2,1
10781_10,1
1571_1,1
2320_10,1
8966_10,1
4442_9,1
6953_2,1
2621_8,1
5396_3,1
5042_9,1
1816_9,1
1843_9,1
702_2,1
5153_4,1
11961_1,1
2108_4,1
5543_2,1
1552_3,1
2069_9,1
7296_1,1
7271_4,1
7878_7,1
3105_8,1
4446_10,1
4183_1,1
5784_4,1
10085_3,1
2953_8,1
5465_1,1
1487_9,1
8723_2,1
11670_7,1
8603_2,1
9188_1,1
3199_2,1
5779_3,1
4467_7,1
6199_1,1
5090_4,1
10554_7,1
6855_10,1
845_7,1
10794_1,1
686_3,1
6468_3,1
12116_9,1
11008_1,1
8316_9,1
5436_7,1
12074_10,1
11686_10,1
6934_4,1
9471_1,1
9177_1,1
4381_10,1
1255_10,1
4887_10,1
3382_10,1
10596_1,1
9984_1,1
10498_10,1
5882_9,1
275_10,1
9702_2,1
10677_3,1
10995_10,1
6598_1,1
11630_8,1
11905_3,1
4502_3,1
8654_9,1
9142_1,1
10466_8,1
413_3,1
10638_8,1
11447_1,1
1939_1,1
1254_7,1
5962_4,1
9013_3,1
1990_10,1
10160_7,1
4271_10,1
6432_1,1
12077_1,1
12237_2,1
9926_7,1
7374_1,1
9360_1,1
3327_3,1
2544_8,1
8295_4,1
10500_4,1
1628_1,1
9468_7,1
8562_4,1
5901_7,1
5333_10,1
9284_1,1
6626_1,1
8422_10,1
1553_3,1
277_4,1
9119_10,1
11975_1,1
49_10,1
1383_7,1
6092_8,1
4198_1,1
109_10,1
9440_3,1
2552_3,1
8883_8,1
3725_8,1
3352_2,1
2445_10,1
1320_1,1
12462_7,1
6753_7,1
105_7,1
10594_8,1
6597_9,1
8724_10,1
9199_3,1
5864_7,1
2948_1,1
6154_4,1
4026_9,1
320_8,1
150_8,1
6879_10,1
3519_3,1
5601_4,1
5839_7,1
2767_8,1
5359_1,1
10280_3,1
2570_10,1
883_1,1
4013_7,1
3354_2,1
9713_2,1
2792_4,1
9726_7,1
3994_8,1
7306_3,1
8421_10,1
9804_10,1
6925_9,1
6762_1,1
201_4,1
1598_2,1
3992_8,1
453_10,1
2513_4,1
12119_7,1
11077_8,1
2170_9,1
4800_7,1
7549_7,1
10535_2,1
7736_10,1
10163_8,1
624_2,1
10849_10,1
809_10,1
2619_4,1
11558_1,1
3394_4,1
6532_8,1
4986_2,1
3981_2,1
1410_9,1
6808_8,1
4655_7,1
1183_2,1
4350_10,1
10661_9,1
2862_10,1
11363_8,1
767_9,1
12024_7,1
7717_2,1
8643_1,1
7265_8,1
9894_8,1
11175_8,1
2780_4,1
12022_10,1
7235_8,1
10587_8,1
605_4,1
4228_10,1
855_1,1
1088_9,1
3551_1,1
3048_10,1
1703_4,1
6041_10,1
7138_1,1
4410_4,1
8068_1,1
10115_10,1
7942_10,1
6764_4,1
9069_7,1
1999_9,1
2126_10,1
10660_10,1
4219_4,1
5306_7,1
10964_1,1
11413_10,1
8580_9,1
7905_1,1
9953_1,1
5767_8,1
9261_3,1
9535_10,1
7765_4,1
902_9,1
3181_10,1
5222_8,1
5809_4,1
4277_10,1
6830_10,1
8086_2,1
8990_10,1
11790_8,1
3872_4,1
11959_2,1
10156_1,1
1047_2,1
5492_10,1
5917_4,1
4098_2,1
574_4,1
3726_7,1
688_4,1
1802_9,1
4675_9,1
6178_7,1
98_10,1
355_4,1
12457_4,1
6283_7,1
4028_10,1
12246_1,1
4173_10,1
4881_1,1
4932_8,1
1813_1,1
8657_1,1
8563_2,1
9136_8,1
10213_1,1
6303_1,1
5400_4,1
6595_9,1
1477_7,1
12450_1,1
25_1,1
10661_3,1
1456_1,1
8886_10,1
4605_2,1
9770_1,1
3753_9,1
1975_1,1
6354_10,1
8499_9,1
4474_10,1
3065_10,1
5176_1,1
1590_10,1
12447_4,1
3196_10,1
11942_8,1
1263_3,1
764_2,1
9090_9,1
582_9,1
1293_8,1
11735_10,1
12287_10,1
10861_7,1
10030_10,1
306_10,1
7407_10,1
9968_4,1
7461_2,1
8636_7,1
1401_7,1
8644_7,1
1335_4,1
1656_4,1
8923_3,1
9747_10,1
2448_4,1
2066_7,1
9520_10,1
11515_1,1
10891_1,1
11901_9,1
10763_3,1
586_1,1
11924_4,1
1581_7,1
7791_10,1
11301_3,1
11717_4,1
1861_3,1
8969_1,1
5702_10,1
1394_4,1
11874_10,1
12315_2,1
2981_1,1
8418_7,1
2196_4,1
4320_1,1
9592_8,1
7474_9,1
1129_1,1
7103_7,1
5582_3,1
8263_4,1
133_2,1
4131_1,1
4062_1,1
795_8,1
9255_10,1
3055_9,1
11102_4,1
8237_1,1
7073_3,1
11225_3,1
1025_8,1
8731_7,1
3338_1,1
6484_10,1
9710_2,1
5049_3,1
2549_1,1
3640_8,1
9503_7,1
3925_10,1
1091_2,1
1933_8,1
10033_1,1
187_8,1
12443_1,1
8415_7,1
9545_7,1
5296_10,1
11694_4,1
4094_2,1
7933_10,1
5761_4,1
10537_1,1
6439_1,1
4571_1,1
9533_3,1
4329_7,1
11428_7,1
5596_3,1
11796_3,1
6364_8,1
10336_4,1
3764_8,1
9253_10,1
9657_3,1
5557_4,1
8332_9,1
8011_1,1
4280_10,1
8231_10,1
6235_8,1
10502_9,1
12102_4,1
3456_9,1
3680_9,1
2076_1,1
1564_10,1
11539_9,1
6850_3,1
9093_4,1
4689_10,1
6251_1,1
6550_10,1
3251_7,1
5541_2,1
7406_9,1
11342_9,1
6968_3,1
12145_10,1
3000_8,1
1140_10,1
8344_4,1
1589_10,1
2343_10,1
3340_1,1
1690_1,1
576_3,1
2558_1,1
8417_3,1
12360_10,1
5238_7,1
2785_3,1
536_4,1
4700_1,1
3432_4,1
8051_7,1
3762_3,1
5752_8,1
8669_7,1
776_7,1
1543_1,1
6891_3,1
6301_10,1
8435_10,1
11765_8,1
707_8,1
3214_3,1
11292_10,1
3135_9,1
12268_1,1
9507_3,1
8729_2,1
11637_8,1
11206_1,1
7162_1,1
10287_4,1
9571_9,1
10138_8,1
5777_4,1
3747_10,1
5895_4,1
3357_1,1
4006_8,1
8142_2,1
260_7,1
7599_3,1
1855_9,1
10475_8,1
5804_1,1
12361_4,1
3491_8,1
5186_10,1
3617_8,1
2583_10,1
2172_7,1
1496_2,1
4488_10,1
9864_8,1
3122_4,1
8763_2,1
9423_8,1
8186_2,1
11856_1,1
12176_2,1
6984_8,1
7643_7,1
1957_7,1
9096_1,1
4114_9,1
3821_4,1
9340_4,1
7023_1,1
7297_2,1
9572_1,1
3956_10,1
955_4,1
10676_9,1
3153_2,1
5262_7,1
11207_10,1
6204_7,1
5533_1,1
9353_8,1
7502_7,1
7228_9,1
2062_1,1
11055_1,1
6735_4,1
4159_9,1
12337_7,1
10051_10,1
2178_3,1
4842_10,1
4307_1,1
11294_1,1
12078_1,1
10479_2,1
10606_10,1
262_8,1
7348_3,1
7760_10,1
5558_7,1
10918_1,1
12020_1,1
7281_2,1
10451_1,1
100_7,1
968_1,1
2502_1,1
5697_3,1
6675_1,1
978_9,1
3378_2,1
2549_8,1
5902_4,1
1413_2,1
4770_10,1
1653_1,1
4920_7,1
2992_4,1
626_2,1
7593_7,1
3311_4,1
2382_7,1
10817_10,1
11199_1,1
8659_7,1
4883_10,1
527_9,1
10977_1,1
10642_2,1
4771_2,1
1274_7,1
5196_9,1
1046_10,1
2374_1,1
4430_8,1
8033_7,1
7825_9,1
1684_10,1
3857_9,1
3902_4,1
1957_2,1
1406_8,1
1489_1,1
10005_3,1
3183_9,1
9845_8,1
9609_3,1
6823_1,1
7659_10,1
4889_3,1
1086_7,1
12338_1,1
11549_2,1
11454_4,1
9582_10,1
1264_3,1
1912_9,1
10901_1,1
8478_1,1
9638_1,1
1930_10,1
9082_1,1
6605_7,1
3993_7,1
2144_8,1
9629_1,1
4980_2,1
8133_7,1
7412_9,1
7128_1,1
3952_1,1
11267_1,1
9237_7,1
10141_9,1
793_9,1
1018_8,1
8685_9,1
5201_1,1
68_2,1
9705_1,1
11535_7,1
10896_1,1
7025_1,1
11801_3,1
9902_3,1
117_3,1
1529_10,1
508_9,1
5609_10,1
8484_4,1
3857_3,1
9828_10,1
7170_9,1
4617_3,1
6328_4,1
7315_1,1
1509_2,1
583_3,1
9363_10,1
6389_2,1
9422_9,1
12093_3,1
6653_8,1
10100_1,1
3188_8,1
7954_7,1
4517_3,1
8909_9,1
273_1,1
2728_10,1
8819_10,1
849_1,1
5327_10,1
3979_10,1
8841_4,1
344_2,1
8206_2,1
12136_1,1
8411_1,1
5904_3,1
5380_7,1
5095_3,1
6196_3,1
5469_4,1
6993_1,1
6292_3,1
398_3,1
12006_10,1
7470_1,1
4593_1,1
3883_10,1
1627_1,1
128_4,1
11048_4,1
2663_10,1
8864_1,1
2572_1,1
2413_10,1
2571_4,1
1674_8,1
5305_7,1
5121_10,1
7048_2,1
660_9,1
3419_1,1
7090_1,1
3338_7,1
3765_1,1
9275_1,1
6837_3,1
1182_3,1
6642_10,1
6226_10,1
1474_4,1
907_1,1
2829_10,1
5776_10,1
1621_10,1
4496_4,1
7979_1,1
7576_2,1
10518_1,1
9116_9,1
1432_3,1
9397_3,1
11977_2,1
10426_1,1
11355_2,1
697_8,1
7821_8,1
11463_1,1
3363_1,1
9128_9,1
7062_7,1
8936_8,1
10652_9,1
4440_1,1
5816_10,1
11584_4,1
10589_1,1
9067_3,1
2214_10,1
8557_2,1
3877_4,1
9040_3,1
4937_7,1
384_8,1
2893_2,1
11217_3,1
705_2,1
153_1,1
8250_8,1
3987_7,1
2564_10,1
11233_2,1
4397_7,1
7683_4,1
7070_2,1
4147_1,1
10414_10,1
3864_7,1
1354_1,1
11392_1,1
6973_3,1
5954_7,1
1958_10,1
8616_1,1
10646_4,1
3524_1,1
3472_10,1
8487_10,1
6397_2,1
7372_9,1
6086_8,1
6083_8,1
2736_4,1
1613_2,1
922_1,1
6106_9,1
8439_10,1
9326_10,1
5703_7,1
594_4,1
1169_4,1
12094_7,1
9779_9,1
12107_10,1
11164_1,1
3917_4,1
9645_4,1
5462_3,1
5777_8,1
8248_1,1
8311_9,1
636_4,1
11254_8,1
3589_8,1
2320_1,1
11923_10,1
7571_8,1
4067_1,1
2499_10,1
374_2,1
6021_1,1
6423_7,1
11166_7,1
4562_1,1
5283_7,1
3343_4,1
10175_10,1
72_7,1
11741_3,1
474_7,1
2403_10,1
9168_4,1
1771_2,1
9077_1,1
10874_3,1
8277_3,1
1935_4,1
1066_2,1
9060_8,1
4803_3,1
8303_10,1
4594_1,1
8336_10,1
8370_1,1
9481_9,1
635_1,1
8839_3,1
10882_8,1
1476_4,1
8608_9,1
10002_7,1
2095_9,1
2609_1,1
3099_1,1
1544_2,1
8844_10,1
9623_7,1
6451_8,1
5619_3,1
4927_3,1
8076_7,1
1741_4,1
10931_7,1
2496_8,1
10682_10,1
2713_2,1
393_2,1
10239_10,1
5092_8,1
6513_4,1
7186_7,1
8396_4,1
10148_3,1
6361_1,1
4239_4,1
4141_4,1
3786_1,1
592_3,1
9364_3,1
4560_10,1
5505_10,1
11521_1,1
10293_4,1
7891_2,1
1252_8,1
1168_8,1
10358_1,1
2231_1,1
10674_8,1
7418_1,1
3546_10,1
7913_10,1
8156_4,1
7100_8,1
3066_2,1
2878_8,1
8763_9,1
10217_1,1
4561_3,1
8870_8,1
450_10,1
4628_2,1
1313_9,1
1652_10,1
864_2,1
1888_8,1
7543_8,1
2394_7,1
7694_3,1
4275_10,1
7337_1,1
7421_7,1
1087_10,1
1624_1,1
4089_8,1
1979_9,1
7439_4,1
2260_1,1
9588_10,1
8137_10,1
6753_4,1
9779_3,1
9318_1,1
4875_7,1
11988_8,1
4181_4,1
6218_3,1
12208_2,1
709_2,1
10197_7,1
9271_8,1
212_4,1
7361_3,1
6159_7,1
4455_8,1
11169_7,1
1745_7,1
5592_10,1
4222_7,1
491_7,1
5169_2,1
7975_8,1
9888_10,1
11965_8,1
9916_2,1
10543_8,1
5720_3,1
6216_2,1
12383_7,1
7859_7,1
2248_1,1
10260_1,1
6634_10,1
6260_10,1
9027_7,1
10904_10,1
3421_10,1
4190_2,1
4041_1,1
3594_1,1
8094_9,1
4524_9,1
10053_8,1
11070_9,1
11511_1,1
10342_7,1
7593_2,1
11158_1,1
9908_3,1
2028_10,1
7585_3,1
1166_8,1
9460_8,1
4867_3,1
12396_7,1
10144_8,1
2973_9,1
9858_7,1
6611_7,1
11393_4,1
5880_1,1
4145_1,1
11305_1,1
9374_9,1
5858_8,1
9825_1,1
7624_7,1
4675_4,1
1554_8,1
7301_3,1
12212_10,1
5430_10,1
10746_4,1
5199_7,1
5370_4,1
3944_8,1
10368_1,1
5308_2,1
12235_2,1
6049_8,1
718_2,1
5309_7,1
7523_7,1
8057_1,1
2795_1,1
12065_3,1
8736_10,1
7551_4,1
2751_1,1
3327_10,1
517_4,1
5721_4,1
3891_10,1
12363_1,1
11665_8,1
6625_7,1
7947_10,1
5291_8,1
2463_4,1
4494_8,1
9254_4,1
1637_4,1
4732_10,1
1622_8,1
1095_3,1
11036_1,1
5480_4,1
11168_8,1
6845_10,1
5051_1,1
6824_4,1
9428_2,1
5934_2,1
3315_1,1
1700_4,1
3884_8,1
1797_4,1
4129_10,1
11403_3,1
7698_10,1
5980_10,1
5276_3,1
7314_1,1
9823_2,1
10515_1,1
6420_4,1
2391_2,1
11329_1,1
7434_7,1
7456_10,1
10265_9,1
7720_4,1
2667_1,1
54_1,1
9827_10,1
4034_9,1
12017_7,1
2167_2,1
9136_1,1
5172_4,1
8667_3,1
1875_2,1
6845_1,1
4373_1,1
10333_1,1
8050_1,1
5598_4,1
5999_3,1
315_1,1
8220_1,1
4105_1,1
5618_4,1
85_10,1
6463_2,1
5636_1,1
3801_1,1
822_1,1
3119_8,1
3158_8,1
8117_2,1
7558_1,1
8783_1,1
7973_1,1
10087_4,1
2788_4,1
11847_1,1
8918_10,1
1572_1,1
2230_1,1
2505_2,1
6877_7,1
12468_1,1
7462_10,1
5158_3,1
11966_10,1
8629_9,1
9246_3,1
294_4,1
8108_10,1
6169_1,1
11855_1,1
11598_8,1
2388_10,1
7392_1,1
4506_1,1
172_10,1
6124_1,1
3054_1,1
2356_4,1
2801_2,1
80_3,1
2179_8,1
611_10,1
8481_8,1
12420_3,1
4064_10,1
5821_7,1
5375_8,1
1604_4,1
7689_4,1
5455_7,1
108_1,1
12141_8,1
5991_8,1
10780_4,1
1942_2,1
484_8,1
10534_1,1
11457_10,1
1812_10,1
7142_1,1
4740_8,1
5362_1,1
10645_4,1
9223_3,1
9443_9,1
9218_10,1
855_9,1
12167_1,1
11190_10,1
2998_7,1
12079_7,1
3530_2,1
3489_10,1
4429_1,1
2578_10,1
9856_4,1
1312_9,1
7486_4,1
6565_8,1
3170_3,1
10530_10,1
5664_8,1
4197_2,1
6225_1,1
6454_9,1
2494_10,1
5178_10,1
497_2,1
385_3,1
8602_10,1
11702_4,1
3194_9,1
7035_8,1
10734_4,1
8456_2,1
8020_8,1
8996_1,1
5449_8,1
9881_1,1
6306_2,1
3834_9,1
3134_8,1
5195_7,1
11270_10,1
7712_10,1
7227_2,1
11811_2,1
8940_9,1
6087_3,1
6941_1,1
4243_2,1
5968_4,1
12182_1,1
5868_8,1
9584_10,1
11688_10,1
7230_8,1
861_7,1
4974_10,1
8813_1,1
636_10,1
11635_1,1
5730_10,1
364_10,1
3839_1,1
6533_7,1
8083_3,1
1157_10,1
12375_7,1
4483_2,1
11739_8,1
1508_1,1
10070_3,1
6249_2,1
1870_10,1
4012_4,1
3278_8,1
619_1,1
5314_10,1
2318_10,1
3243_8,1
11463_9,1
10776_4,1
4593_10,1
10338_2,1
8900_10,1
11577_1,1
491_1,1
11628_10,1
11392_8,1
9179_10,1
8479_9,1
10399_10,1
9807_2,1
5952_4,1
523_1,1
8276_10,1
8473_3,1
8398_8,1
10241_1,1
8250_1,1
4099_4,1
4087_10,1
5616_8,1
11788_8,1
5716_8,1
7564_10,1
12480_3,1
137_7,1
7552_1,1
4659_1,1
9709_1,1
11440_1,1
5961_10,1
2306_10,1
3198_10,1
12055_10,1
4178_10,1
8454_8,1
11058_1,1
8573_3,1
11563_3,1
10218_8,1
890_9,1
3768_3,1
3794_1,1
8064_2,1
8948_7,1
4378_4,1
5476_8,1
3310_4,1
5874_1,1
4285_2,1
10014_8,1
11602_8,1
6037_1,1
3146_4,1
8789_10,1
8873_8,1
2927_10,1
2748_8,1
2889_1,1
8018_10,1
1063_3,1
8387_8,1
1352_1,1
7664_10,1
6431_8,1
4512_1,1
9797_1,1
1352_10,1
8448_3,1
752_7,1
1256_8,1
6774_1,1
7017_4,1
11149_10,1
6049_4,1
9892_8,1
1428_1,1
4790_10,1
7305_2,1
11618_8,1
10828_10,1
1409_8,1
1955_9,1
10797_2,1
8242_8,1
2102_10,1
1519_10,1
12336_9,1
2752_7,1
7634_7,1
2066_2,1
7196_8,1
6925_3,1
7841_10,1
6295_1,1
2228_7,1
5905_1,1
2958_10,1
10947_1,1
10482_10,1
7321_10,1
3479_9,1
276_10,1
8957_7,1
11101_10,1
3072_4,1
5994_3,1
6623_1,1
11245_10,1
12085_3,1
9608_10,1
10607_10,1
11409_1,1
9769_8,1
5277_1,1
6171_8,1
4669_4,1
6197_1,1
3231_10,1
4742_1,1
2727_3,1
11902_9,1
3562_4,1
3307_8,1
4487_9,1
2978_1,1
6489_1,1
4426_7,1
11015_9,1
11189_1,1
3103_2,1
11430_3,1
11_9,1
11183_2,1
310_1,1
552_8,1
4386_3,1
6750_8,1
6797_1,1
2140_2,1
3894_3,1
10443_9,1
10346_4,1
6314_9,1
181_2,1
4439_8,1
11_3,1
8954_4,1
7278_7,1
1584_9,1
5246_3,1
1457_10,1
3143_10,1
4808_3,1
5774_8,1
3464_10,1
3588_1,1
535_1,1
6203_7,1
5388_8,1
1515_7,1
12270_10,1
10279_8,1
10690_2,1
8368_1,1
6096_10,1
7984_10,1
4468_7,1
3495_1,1
2062_10,1
156_8,1
6460_2,1
326_10,1
11139_1,1
6090_2,1
8053_3,1
841_1,1
2924_4,1
1307_10,1
7547_1,1
4253_2,1
10328_4,1
8207_3,1
5515_3,1
9308_7,1
4727_7,1
5128_4,1
4085_2,1
2662_3,1
10774_2,1
5529_3,1
12202_3,1
4832_8,1
2081_4,1
596_4,1
1723_1,1
1661_1,1
1902_10,1
9873_1,1
837_1,1
4093_4,1
11523_2,1
3429_10,1
4424_4,1
5792_10,1
3371_8,1
2984_8,1
7611_4,1
2869_1,1
3983_3,1
4287_1,1
11415_1,1
3820_2,1
6078_1,1
3531_1,1
4124_1,1
3396_7,1
10706_7,1
9558_10,1
1809_1,1
10277_9,1
5846_10,1
6652_10,1
7799_1,1
5534_7,1
11107_1,1
516_2,1
8243_1,1
12319_1,1
4888_8,1
10431_1,1
4511_1,1
10833_3,1
2427_10,1
2497_1,1
1692_1,1
1697_10,1
896_10,1
1460_1,1
10492_10,1
8676_3,1
2874_10,1
10532_8,1
11754_4,1
5721_10,1
1346_1,1
9522_1,1
10728_10,1
2331_1,1
1518_8,1
2112_3,1
12089_4,1
3715_2,1
9969_1,1
48_4,1
1824_1,1
4419_7,1
3872_9,1
11852_1,1
11359_2,1
8761_3,1
4633_3,1
6765_9,1
449_4,1
4233_7,1
2163_10,1
3029_1,1
241_8,1
7932_4,1
2139_4,1
7008_8,1
3127_9,1
1644_10,1
9072_9,1
3864_4,1
8853_3,1
8847_9,1
135_7,1
5732_1,1
3342_3,1
7987_8,1
9023_4,1
1477_4,1
2392_1,1
12321_10,1
10588_1,1
5545_2,1
587_2,1
4139_1,1
7487_8,1
11377_3,1
1605_4,1
1848_3,1
9396_3,1
8041_7,1
7815_8,1
6286_8,1
6349_4,1
2964_8,1
404_2,1
2544_1,1
9810_2,1
7054_9,1
6861_1,1
2060_3,1
4054_3,1
9343_8,1
11450_10,1
7580_7,1
867_8,1
9879_3,1
9712_10,1
6007_4,1
11068_4,1
6437_9,1
576_10,1
10304_7,1
502_10,1
4588_1,1
9819_1,1
10101_1,1
5781_2,1
2440_1,1
2142_4,1
11733_10,1
1091_10,1
6098_10,1
6971_1,1
6234_8,1
1900_4,1
8652_8,1
10174_7,1
2853_4,1
6704_1,1
2385_9,1
9169_8,1
7171_1,1
9021_2,1
9914_7,1
5986_2,1
9561_2,1
6960_1,1
5315_9,1
7960_10,1
11570_1,1
11780_3,1
3288_10,1
2820_7,1
2184_1,1
3664_10,1
7935_4,1
9510_1,1
11084_4,1
11435_10,1
3753_1,1
1387_4,1
862_7,1
7460_1,1
6258_4,1
6065_2,1
12229_3,1
2912_1,1
10361_1,1
5889_7,1
6116_8,1
7059_10,1
4403_10,1
9869_10,1
7037_10,1
6000_9,1
9873_7,1
9168_7,1
1366_3,1
9860_1,1
6079_9,1
10522_7,1
3863_1,1
5161_8,1
1827_1,1
11155_10,1
4077_10,1
12300_10,1
8977_7,1
10377_1,1
4268_10,1
480_3,1
6110_1,1
6501_1,1
6409_7,1
7740_10,1
1436_3,1
11801_8,1
6372_2,1
3201_10,1
7154_10,1
11297_7,1
60_8,1
9796_9,1
9055_2,1
3382_1,1
11938_7,1
7164_10,1
2817_9,1
10669_2,1
6320_10,1
6657_9,1
12388_4,1
3398_3,1
335_10,1
7596_3,1
5082_7,1
2435_8,1
10836_2,1
4757_8,1
1853_1,1
3351_8,1
212_9,1
4645_9,1
4492_1,1
1097_3,1
6729_4,1
10839_10,1
8779_8,1
10118_4,1
7219_7,1
9688_4,1
12098_4,1
8716_1,1
2508_4,1
6907_2,1
1966_1,1
2434_8,1
10311_9,1
10785_10,1
4079_9,1
9125_10,1
7278_3,1
7581_8,1
7291_2,1
5484_4,1
3812_1,1
2620_10,1
3353_4,1
3078_1,1
7618_10,1
8309_7,1
9294_4,1
8121_8,1
8156_10,1
8943_7,1
7400_1,1
2300_1,1
6092_1,1
7247_10,1
1076_8,1
5848_7,1
1987_10,1
2008_7,1
27_10,1
11239_1,1
5035_7,1
1097_9,1
6376_4,1
2137_8,1
12232_1,1
11610_1,1
6564_1,1
10751_1,1
8734_9,1
8215_2,1
6378_4,1
2289_9,1
11041_7,1
6371_4,1
2398_9,1
7361_10,1
3209_8,1
11848_10,1
9691_2,1
9810_7,1
10470_1,1
789_2,1
4242_9,1
5250_4,1
3447_9,1
1148_4,1
11184_7,1
609_1,1
3927_4,1
3789_8,1
1602_9,1
7422_10,1
6793_10,1
5213_3,1
2694_3,1
8374_7,1
12234_8,1
11240_4,1
10950_1,1
5443_1,1
6687_4,1
1434_3,1
11123_2,1
250_7,1
11414_9,1
12310_2,1
8129_3,1
10683_1,1
2818_4,1
6836_3,1
12169_7,1
7507_2,1
4545_10,1
1153_2,1
4982_7,1
7736_2,1
1626_10,1
11955_7,1
9716_1,1
2840_9,1
4861_8,1
12015_10,1
10146_1,1
4136_10,1
6490_10,1
4915_7,1
7833_8,1
3215_2,1
8942_1,1
12312_4,1
2000_3,1
10340_1,1
69_10,1
4121_10,1
41_1,1
3192_1,1
6214_4,1
459_1,1
11184_1,1
11409_9,1
4385_9,1
4698_1,1
7442_7,1
12123_1,1
11207_4,1
8280_1,1
7560_1,1
8292_4,1
2157_10,1
7798_10,1
4711_1,1
1138_2,1
6543_9,1
12316_4,1
6931_8,1
5410_7,1
10812_1,1
2745_4,1
63_1,1
8093_3,1
6754_1,1
4917_8,1
1315_4,1
6814_7,1
2091_9,1
3719_9,1
5500_1,1
9386_8,1
9605_10,1
11051_1,1
9445_1,1
2722_2,1
4993_10,1
4829_2,1
9706_1,1
3712_7,1
1799_7,1
10690_10,1
6148_10,1
2526_9,1
2335_1,1
9089_9,1
5486_10,1
12112_10,1
735_8,1
3620_10,1
5457_8,1
1304_3,1
166_1,1
2191_3,1
4248_10,1
1592_9,1
7720_8,1
9781_1,1
9833_2,1
2007_2,1
6746_1,1
543_10,1
6862_1,1
1125_8,1
1591_10,1
773_7,1
2810_4,1
7060_1,1
4966_2,1
5004_3,1
1_1,1
9099_1,1
9000_2,1
9004_1,1
1292_4,1
1954_3,1
4464_10,1
83_10,1
2376_7,1
8174_4,1
10190_7,1
1035_7,1
3851_10,1
5969_3,1
6344_2,1
10389_10,1
3541_7,1
11616_4,1
9650_10,1
4511_9,1
5914_1,1
10195_1,1
7612_3,1
2055_1,1
9981_1,1
5238_2,1
3723_8,1
9381_2,1
3789_3,1
8081_9,1
3389_7,1
4592_9,1
12273_10,1
38_10,1
9911_3,1
11984_2,1
8247_9,1
12498_10,1
9502_8,1
6241_3,1
1991_10,1
9905_10,1
9771_3,1
316_1,1
12197_2,1
1043_10,1
4175_3,1
4906_9,1
8098_3,1
8899_3,1
10400_10,1
7160_8,1
568_1,1
4542_9,1
7128_7,1
10419_10,1
2956_8,1
943_10,1
3148_9,1
2897_10,1
11321_8,1
4194_3,1
11505_7,1
2362_9,1
12211_10,1
2703_2,1
9576_1,1
10032_4,1
5602_10,1
921_7,1
6404_2,1
5756_3,1
2414_10,1
6114_1,1
5257_3,1
3522_2,1
3574_1,1
11739_4,1
63_10,1
7163_10,1
8826_2,1
2875_1,1
4058_10,1
11599_8,1
2198_1,1
11384_7,1
9730_1,1
1447_8,1
9949_2,1
109_2,1
11006_7,1
6458_1,1
11351_9,1
3643_10,1
4961_2,1
10421_2,1
4703_1,1
11943_7,1
4073_10,1
257_2,1
4897_8,1
6649_8,1
4705_7,1
4708_1,1
11104_1,1
11696_7,1
8887_9,1
10181_8,1
1453_2,1
10826_1,1
8491_7,1
228_7,1
1790_9,1
11522_2,1
6828_10,1
11518_1,1
1254_4,1
11817_10,1
4244_10,1
2264_1,1
9518_3,1
3295_10,1
9654_1,1
656_3,1
10818_10,1
11660_7,1
1258_9,1
8899_8,1
10931_1,1
17_3,1
8067_1,1
6516_1,1
12241_4,1
6464_3,1
3744_10,1
242_8,1
6034_1,1
780_2,1
4075_10,1
10679_3,1
10864_1,1
3824_1,1
10187_3,1
2341_4,1
3936_2,1
7448_2,1
861_2,1
9782_10,1
7939_2,1
7665_7,1
1197_10,1
9465_1,1
2398_2,1
1701_10,1
4781_8,1
5149_8,1
2179_1,1
6223_1,1
1562_10,1
5400_10,1
8397_10,1
5699_8,1
8824_1,1
33_3,1
57_10,1
11802_1,1
2277_10,1
432_4,1
12291_2,1
4108_7,1
7597_9,1
1792_10,1
11605_1,1
12102_8,1
7873_8,1
148_2,1
2407_10,1
7112_9,1
10132_9,1
2961_10,1
4240_9,1
9676_10,1
8180_8,1
1869_9,1
4282_1,1
8406_10,1
8762_1,1
7868_8,1
5039_10,1
4933_3,1
5221_7,1
5155_1,1
6337_1,1
2598_1,1
1475_4,1
1473_9,1
10312_10,1
11817_4,1
12298_8,1
8806_9,1
6975_3,1
4977_7,1
8929_8,1
8103_10,1
12307_3,1
12279_9,1
9302_10,1
7904_8,1
7835_9,1
1216_3,1
6271_9,1
2218_7,1
8443_4,1
317_10,1
7500_8,1
507_10,1
10339_2,1
6061_10,1
9148_7,1
11361_4,1
11237_8,1
8311_1,1
11611_3,1
6798_1,1
4316_10,1
3128_3,1
1498_8,1
2797_10,1
11957_8,1
7705_2,1
2349_9,1
8941_10,1
9187_1,1
7573_2,1
9349_2,1
6696_7,1
4344_9,1
810_1,1
11534_4,1
2183_8,1
10953_1,1
7282_9,1
8844_4,1
11762_8,1
6999_7,1
1178_2,1
2512_10,1
5856_8,1
8808_9,1
7300_3,1
11034_9,1
11365_9,1
591_4,1
10821_8,1
1528_8,1
6479_1,1
9176_1,1
9200_8,1
4301_10,1
12372_3,1
8488_4,1
4279_2,1
1051_4,1
2429_1,1
1006_1,1
11617_2,1
79_10,1
10403_7,1
1654_1,1
5159_2,1
10445_1,1
4477_4,1
3608_9,1
4182_10,1
9180_9,1
1874_1,1
10263_10,1
7454_3,1
1173_8,1
2537_4,1
11243_10,1
8444_10,1
7945_1,1
9535_2,1
5372_7,1
4726_7,1
10308_8,1
5723_7,1
1601_1,1
2695_10,1
8496_7,1
7886_10,1
3505_8,1
3418_1,1
7754_9,1
672_9,1
1273_7,1
5444_8,1
3925_1,1
10887_2,1
4238_1,1
1448_8,1
10726_7,1
6959_2,1
2491_1,1
10317_1,1
5327_1,1
11673_8,1
4164_3,1
949_1,1
10622_3,1
9734_4,1
10940_1,1
1736_3,1
9210_10,1
11085_4,1
8846_9,1
4871_8,1
8132_10,1
11037_8,1
5016_10,1
6128_7,1
11477_4,1
1312_3,1
8145_10,1
2404_8,1
8353_10,1
1931_8,1
9777_8,1
6655_3,1
8634_3,1
354_3,1
12184_10,1
6164_3,1
5712_1,1
2771_7,1
2716_10,1
4345_1,1
3897_4,1
8568_7,1
9715_4,1
4358_1,1
8587_3,1
768_9,1
10015_2,1
5587_7,1
297_4,1
9745_2,1
5896_3,1
1959_7,1
11564_9,1
7857_10,1
9086_3,1
7678_3,1
2601_3,1
3162_1,1
3883_1,1
5801_1,1
6873_10,1
5929_2,1
6059_10,1
219_8,1
932_10,1
5159_10,1
11213_7,1
6738_1,1
2436_1,1
2482_1,1
2402_3,1
5891_3,1
2518_4,1
8140_10,1
444_4,1
11987_7,1
3255_10,1
1011_10,1
1819_2,1
10469_10,1
653_10,1
52_10,1
1389_2,1
12066_2,1
6792_3,1
7954_2,1
7639_8,1
2931_10,1
1363_1,1
1270_7,1
8209_4,1
7040_10,1
4656_8,1
7545_8,1
11868_10,1
9771_10,1
8085_2,1
10203_10,1
11768_7,1
3697_4,1
11931_2,1
5851_10,1
6609_8,1
3008_7,1
2870_1,1
397_9,1
9670_4,1
4751_2,1
10249_7,1
6443_1,1
5672_1,1
7922_1,1
3556_1,1
1400_7,1
464_10,1
719_10,1
12367_9,1
3007_7,1
9826_10,1
6767_8,1
11283_8,1
10206_3,1
6776_3,1
569_10,1
9884_10,1
9404_1,1
97_9,1
9215_1,1
8606_10,1
2799_10,1
11741_10,1
5663_10,1
10719_2,1
10289_10,1
3543_1,1
2842_8,1
9807_10,1
10775_3,1
2134_1,1
11372_7,1
4956_10,1
2842_4,1
9864_1,1
2350_9,1
2410_1,1
4793_4,1
11963_3,1
82_8,1
7444_10,1
917_1,1
10315_2,1
5907_10,1
5604_3,1
4826_4,1
8641_7,1
3132_4,1
7202_1,1
2942_1,1
6191_4,1
11993_9,1
4449_4,1
10104_10,1
5648_10,1
9373_9,1
386_7,1
2224_10,1
7703_3,1
10712_8,1
8528_3,1
11673_3,1
11449_10,1
5960_4,1
10766_7,1
9601_4,1
1194_7,1
9614_10,1
2432_7,1
6994_8,1
4107_10,1
7489_1,1
9509_9,1
9272_2,1
6222_1,1
278_9,1
253_3,1
813_10,1
8464_10,1
4652_1,1
10427_4,1
4341_8,1
11991_10,1
6868_3,1
1384_7,1
9745_7,1
10851_9,1
3365_9,1
6440_8,1
2130_3,1
4642_10,1
5536_9,1
6755_4,1
7707_4,1
6901_10,1
12364_7,1
3281_2,1
1727_10,1
11406_9,1
9252_10,1
8239_1,1
4495_9,1
8189_4,1
12019_4,1
171_8,1
12216_8,1
1108_7,1
12444_10,1
11210_7,1
6887_8,1
8640_10,1
10827_1,1
11569_3,1
2711_1,1
11078_10,1
9434_10,1
7313_10,1
7238_2,1
9432_9,1
3087_10,1
6643_4,1
2495_9,1
2531_4,1
8416_7,1
10267_8,1
779_4,1
4549_7,1
8635_7,1
3639_1,1
4335_4,1
1497_2,1
1658_10,1
1129_10,1
9982_9,1
678_1,1
5248_8,1
2585_7,1
10697_8,1
1216_10,1
3866_2,1
8071_3,1
6194_8,1
4552_4,1
7073_10,1
5877_8,1
3987_1,1
4701_1,1
4229_2,1
3785_10,1
12442_2,1
2299_1,1
10369_8,1
10913_3,1
8166_10,1
3968_1,1
7579_4,1
1988_1,1
458_10,1
661_9,1
10687_10,1
372_10,1
6085_8,1
1972_1,1
7302_3,1
5751_1,1
5332_3,1
5632_1,1
8941_3,1
7065_2,1
4787_3,1
7426_10,1
7723_10,1
9508_8,1
5861_8,1
5764_7,1
12412_9,1
838_9,1
8729_10,1
11815_3,1
10906_10,1
2632_3,1
12035_8,1
12114_4,1
9415_8,1
5146_4,1
5564_10,1
9246_8,1
2193_10,1
232_10,1
6954_8,1
6298_2,1
5976_7,1
9678_1,1
1913_10,1
1535_1,1
2844_4,1
8490_7,1
5334_4,1
10671_1,1
8930_9,1
9547_2,1
4004_9,1
5103_8,1
7356_1,1
6793_4,1
7089_1,1
10334_3,1
128_7,1
9524_9,1
9811_7,1
7440_7,1
11273_9,1
950_1,1
9059_7,1
3178_8,1
10761_10,1
10575_9,1
4321_1,1
11918_10,1
8482_7,1
6142_1,1
3364_1,1
4376_9,1
12072_2,1
6982_9,1
1427_2,1
7842_1,1
5087_7,1
9697_8,1
1505_3,1
6857_4,1
7914_2,1
4752_1,1
8668_4,1
1031_10,1
8759_8,1
10361_7,1
3703_3,1
11502_10,1
7981_4,1
8937_9,1
12341_7,1
2094_10,1
4599_10,1
5386_2,1
3966_9,1
9009_1,1
7302_10,1
7807_1,1
5893_9,1
2908_8,1
12490_8,1
6192_9,1
10199_4,1
3314_10,1
6005_8,1
2009_10,1
9610_4,1
12328_10,1
11633_1,1
4984_8,1
2778_8,1
11619_9,1
5895_10,1
10815_10,1
11564_4,1
11284_8,1
4455_3,1
1783_2,1
8000_10,1
3493_1,1
4380_8,1
8477_3,1
11403_9,1
11367_10,1
52_1,1
7504_4,1
4605_8,1
11045_1,1
10987_8,1
3496_8,1
3856_3,1
5799_10,1
8301_7,1
1286_2,1
8042_7,1
11094_1,1
4357_3,1
12367_2,1
3512_7,1
6409_1,1
12099_9,1
4185_3,1
7263_4,1
3714_1,1
4290_9,1
5610_3,1
5910_8,1
6551_9,1
1196_8,1
2056_9,1
6312_2,1
8525_2,1
7276_2,1
7546_7,1
6177_1,1
6136_10,1
6262_1,1
7882_7,1
8116_1,1
4953_1,1
5407_1,1
6396_9,1
12301_4,1
3185_3,1
7660_1,1
10676_3,1
6042_1,1
9831_8,1
8690_3,1
575_3,1
6167_7,1
1706_9,1
3619_3,1
5900_10,1
6050_10,1
8360_9,1
7927_1,1
5799_1,1
1053_8,1
12473_1,1
7751_7,1
9828_3,1
9942_1,1
6289_1,1
5744_2,1
3865_2,1
12072_10,1
5236_2,1
11203_1,1
4665_10,1
1405_7,1
10872_7,1
6198_7,1
5780_4,1
2310_1,1
6184_7,1
7484_1,1
570_1,1
5181_10,1
10869_1,1
6990_1,1
7013_9,1
8355_2,1
6574_8,1
5725_3,1
11108_10,1
111_10,1
3173_8,1
1679_1,1
11001_10,1
4068_3,1
4978_7,1
3458_10,1
9674_3,1
2656_10,1
6772_10,1
8674_2,1
1884_3,1
763_10,1
4302_8,1
1041_9,1
6974_10,1
4523_10,1
9172_10,1
10672_1,1
11234_10,1
2739_2,1
10186_8,1
4163_3,1
4111_2,1
8357_3,1
9607_4,1
4574_1,1
9526_2,1
4900_8,1
5641_7,1
261_8,1
5784_8,1
1742_7,1
375_2,1
9945_8,1
3888_3,1
4948_2,1
12073_9,1
584_3,1
3991_7,1
6227_7,1
8715_10,1
210_4,1
8199_10,1
2899_1,1
803_10,1
10911_1,1
9821_8,1
6398_8,1
2886_1,1
6719_2,1
11537_4,1
2254_1,1
524_10,1
5631_8,1
12185_3,1
2397_4,1
9658_3,1
6818_10,1
5787_4,1
9785_3,1
12331_8,1
4764_10,1
11679_7,1
1062_10,1
9501_2,1
11032_7,1
9006_4,1
4146_10,1
11744_1,1
365_10,1
4529_8,1
3176_4,1
5975_1,1
10969_10,1
4294_2,1
6644_8,1
12327_1,1
8281_7,1
7293_3,1
2907_7,1
879_2,1
12031_7,1
11921_2,1
4157_8,1
3636_1,1
10167_7,1
9948_8,1
10954_10,1
5122_3,1
533_2,1
9447_1,1
9984_9,1
2784_1,1
9595_10,1
3659_9,1
7850_8,1
6844_10,1
6926_10,1
1156_9,1
4606_3,1
10296_8,1
7091_1,1
12492_7,1
2245_4,1
6075_2,1
9036_10,1
10775_8,1
5370_7,1
9586_3,1
12307_10,1
9213_7,1
10241_8,1
4453_10,1
2484_10,1
691_3,1
7636_2,1
3459_4,1
10644_3,1
4587_1,1
8914_8,1
11760_2,1
5509_10,1
8628_4,1
8190_4,1
5747_8,1
5997_9,1
1897_10,1
1328_10,1
8660_1,1
6705_10,1
11140_1,1
1635_7,1
7601_4,1
7741_9,1
1141_10,1
6953_7,1
7827_10,1
12220_8,1
1195_1,1
2243_4,1
2447_10,1
4299_8,1
8683_9,1
9064_4,1
6187_2,1
9263_8,1
10222_4,1
302_4,1
8063_10,1
3316_2,1
10986_1,1
10692_8,1
5714_1,1
7155_3,1
5678_1,1
7093_10,1
7852_9,1
12361_7,1
699_4,1
2116_10,1
57_4,1
8469_7,1
8617_9,1
7961_10,1
5145_4,1
11790_1,1
356_4,1
12001_1,1
7347_1,1
11058_10,1
1265_2,1
905_10,1
7391_2,1
4459_7,1
1251_4,1
4533_3,1
8380_9,1
1652_3,1
7124_8,1
5210_10,1
5390_9,1
10588_10,1
6245_1,1
5125_7,1
4838_10,1
9179_3,1
3110_1,1
10059_10,1
7355_10,1
2384_1,1
4640_3,1
5106_4,1
12026_1,1
3679_7,1
7845_10,1
7984_1,1
3519_7,1
9587_3,1
4108_2,1
9083_8,1
3673_3,1
7092_1,1
4476_9,1
7036_10,1
6183_7,1
2993_10,1
9403_1,1
3880_8,1
691_9,1
10711_10,1
11390_10,1
7884_1,1
454_8,1
4653_2,1
3238_1,1
3692_1,1
10883_7,1
4308_1,1
1065_10,1
8412_4,1
2604_8,1
7261_3,1
11075_10,1
11438_10,1
3107_8,1
5937_4,1
3397_4,1
9174_4,1
5259_1,1
11913_10,1
10936_8,1
2903_1,1
5813_4,1
8062_8,1
1324_7,1
12125_1,1
7201_1,1
5669_10,1
4332_10,1
3481_10,1
5016_1,1
1375_1,1
5559_1,1
8442_9,1
1333_1,1
6384_2,1
11939_4,1
7243_2,1
7860_10,1
1835_2,1
1064_10,1
3768_10,1
7057_9,1
4176_10,1
7461_10,1
11117_10,1
730_1,1
9118_10,1
5113_10,1
9933_1,1
2197_7,1
4640_10,1
9365_9,1
9703_9,1
8109_10,1
9802_10,1
3067_1,1
9915_2,1
10114_1,1
5048_9,1
12215_10,1
6182_7,1
10005_7,1
11710_10,1
12002_1,1
7668_10,1
6958_7,1
9083_1,1
6615_8,1
7980_10,1
6303_8,1
9280_9,1
2041_2,1
3161_10,1
7532_4,1
1397_7,1
1184_3,1
7061_1,1
3402_2,1
11416_10,1
9389_7,1
9251_9,1
1422_10,1
7415_2,1
7492_7,1
7689_10,1
12370_4,1
5625_8,1
9397_9,1
5992_7,1
2488_10,1
9627_10,1
3822_2,1
5983_4,1
8021_2,1
3471_3,1
6034_10,1
1988_9,1
7623_9,1
5974_7,1
2034_9,1
9416_3,1
10994_1,1
10957_3,1
2372_1,1
3453_3,1
5064_1,1
10905_3,1
10194_3,1
8478_8,1
